机审一级标签,策略ID,策略名称,送审原因,POC,日均进审量,日均完审量,日均打标量,打标率,命中原因
领导人,10006128216,核心政务号|政务号白名单,core_protection_gov_user,宋诗慧,4796.428571428572,4796.857142857143,0.5714285714285714,0.00011912561796414319,近1周日均进审>2000且连续4周打标率<3%
国家安全,10012811198,【人审-LS风险】BASE_OCR_LS常规词表_8883,LS_regular_BASE_OCR_words_review,杜衡,4205.0,4149.714285714285,69.57142857142857,0.016765353896998073,近1周日均进审>2000且连续4周打标率<3%
领导人,10006132401,gov进审-召回,is_govB_media,宋诗慧,2603.285714285714,2604.8571428571427,4.571428571428571,0.0017549632554568389,近1周日均进审>2000且连续4周打标率<3%
国家安全,10015622164,【人审】国家安全召回词表,national_security_recall_rewords_review,杜衡,2033.4285714285713,2039.2857142857142,43.142857142857146,0.02115586690017513,近1周日均进审>2000且连续4周打标率<3%
国家安全,10031846913,【人审-LS风险】封面OCR_LS常规词表_12515,LS_regular_COVER_OCR_words_review,杜衡,2018.857142857143,1990.4285714285713,31.0,0.015574535275963539,近1周日均进审>2000且连续4周打标率<3%
