机审一级标签,策略ID,策略名称,送审原因,POC,日均进审量,日均完审量,日均打标量,打标率,命中原因
领导人,10006128216,核心政务号|政务号白名单,core_protection_gov_user,宋诗慧,4796.428571428572,4796.857142857143,0.5714285714285714,0.00011912561796414319,近7天累计进审量>14000且打标率<3%
国家安全,10012811198,【人审-LS风险】BASE_OCR_LS常规词表_8883,LS_regular_BASE_OCR_words_review,杜衡,4205.0,4149.714285714285,69.57142857142857,0.016765353896998073,近7天累计进审量>14000且打标率<3%
领导人,10011265292,【送审】19N2粉丝账号,pentax_fans_19_n2,宋诗慧,2976.714285714286,2974.1428571428573,183.42857142857142,0.061674432009222346,本期打标率<10%，上期日均进审>0，环比>20%，日均增量>2000
领导人,10006132401,gov进审-召回,is_govB_media,宋诗慧,2603.285714285714,2604.8571428571427,4.571428571428571,0.0017549632554568389,近7天累计进审量>14000且打标率<3%
领导人,10004770670,【送审】19-N2隐晦悼念,lkq_eva_daonian,宋诗慧,2595.75,2546.75,50.5,0.019829194070874644,本期打标率<10%，上期日均进审>0，环比>20%，日均增量>2000
国家安全,10015622164,【人审】国家安全召回词表,national_security_recall_rewords_review,杜衡,2033.4285714285713,2039.2857142857142,43.142857142857146,0.02115586690017513,近7天累计进审量>14000且打标率<3%
国家安全,10031846913,【人审-LS风险】封面OCR_LS常规词表_12515,LS_regular_COVER_OCR_words_review,杜衡,2018.857142857143,1990.4285714285713,31.0,0.015574535275963539,近7天累计进审量>14000且打标率<3%
